{
    "JOINT_OFFSET" : [2311, 2569, 2564, 1021, 3590, 2030],
    "TOOL_OFFSET" : [0.0, 0.1501, -0.005],
    "CAMERA_JOINT" : [1.173420, -0.086010, -0.637394, -0.824773, -1.154989, -1.549713]
}
